date,label,source_post_url,notes
2026-10-01,圖板／無文字價,https://x.com/snkrdunk_akiba/status/2105496686537904331,圖未逐格核；唔入價表
2026-10-01,圖板／無文字價,https://x.com/snkrdunk_akiba/status/2105497940437692899,圖未逐格核；唔入價表
2026-10-01,圖板／無文字價,https://x.com/snkrdunk_akiba/status/2105500463391297679,圖未逐格核；唔入價表
2026-10-01,圖板／無文字價,https://x.com/snkrdunk_akiba/status/2105501715223207997,圖未逐格核；唔入價表
2026-10-01,圖板／無文字價,https://x.com/snkrdunk_akiba/status/2105502976446234743,圖未逐格核；唔入價表
2026-10-01,圖板／無文字價,https://x.com/snkrdunk_akiba/status/2105504231549702406,圖未逐格核；唔入價表
2026-10-01,圖板／無文字價,https://x.com/snkrdunk_akiba/status/2105505492483359047,圖未逐格核；唔入價表
2026-10-01,圖板／無文字價,https://x.com/snkrdunk_akiba/status/2105534971612139688,圖未逐格核；唔入價表
2026-10-01,PSA10圖板／無文字價,https://x.com/snkrdunk_akiba/status/2105534971612139688,圖未逐格核；唔入價表
2026-10-01,圖板／無文字價,https://x.com/snkrdunk_akiba/status/2105628809731182957,圖未逐格核；唔入價表
2026-10-01,圖板／無文字價,https://x.com/snkrdunk_akiba/status/2105630065086386387,圖未逐格核；唔入價表
2026-10-01,圖板／無文字價,https://x.com/snkrdunk_akiba/status/2105631323310420447,圖未逐格核；唔入價表
2026-10-01,圖板／無文字價,https://x.com/snkrdunk_akiba/status/2105632583728222652,圖未逐格核；唔入價表
2026-10-01,圖板／無文字價,https://x.com/snkrdunk_akiba/status/2105635095218667861,圖未逐格核；唔入價表
2026-10-01,圖板／無文字價,https://x.com/snkrdunk_akiba/status/2105635098695741796,圖未逐格核；唔入價表
2026-10-01,圖板／無文字價,https://x.com/snkrdunk_akiba/status/2105636359549632552,圖未逐格核；唔入價表
2026-10-01,圖板／無文字價,https://x.com/snkrdunk_akiba/status/2105646425526964249,圖未逐格核；唔入價表
2026-10-01,圖板／無文字價,https://x.com/snkrdunk_akiba/status/2105647676276842606,圖未逐格核；唔入價表
2026-10-01,圖板／無文字價,https://x.com/snkrdunk_akiba/status/2105648935436206373,圖未逐格核；唔入價表
2026-10-01,圖板／無文字價,https://x.com/snkrdunk_akiba/status/2105651455227207764,圖未逐格核；唔入價表
2026-10-02,受付上限公告,https://x.com/snkrdunk_akiba/status/2105643631403299251,唔入價表
2026-10-02,圖板／無文字價,https://x.com/snkrdunk_akiba/status/2105881719396261998,圖未逐格核；唔入價表
2026-10-02,圖板／無文字價,https://x.com/snkrdunk_akiba/status/2105882977406500900,圖未逐格核；唔入價表
2026-10-02,圖板／無文字價,https://x.com/snkrdunk_akiba/status/2105885504294301825,圖未逐格核；唔入價表
2026-10-02,圖板／無文字價,https://x.com/snkrdunk_akiba/status/2105886752087142751,圖未逐格核；唔入價表
2026-10-02,圖板／無文字價,https://x.com/snkrdunk_akiba/status/2105888010026070384,圖未逐格核；唔入價表
2026-10-02,圖板／無文字價,https://x.com/snkrdunk_akiba/status/2105889292686176377,圖未逐格核；唔入價表
2026-10-02,圖板／無文字價,https://x.com/snkrdunk_akiba/status/2105890526964924442,圖未逐格核；唔入價表
2026-10-02,圖板／無文字價,https://x.com/snkrdunk_akiba/status/2105893082910847225,圖未逐格核；唔入價表
2026-10-02,圖板／無文字價,https://x.com/snkrdunk_akiba/status/2105894302983590347,圖未逐格核；唔入價表
2026-10-02,圖板／無文字價,https://x.com/snkrdunk_akiba/status/2105898518066172144,圖未逐格核；唔入價表
2026-10-02,圖板／無文字價,https://x.com/snkrdunk_akiba/status/2105991197739344247,圖未逐格核；唔入價表
2026-10-02,圖板／無文字價,https://x.com/snkrdunk_akiba/status/2105992454055084399,圖未逐格核；唔入價表
2026-10-02,圖板／無文字價,https://x.com/snkrdunk_akiba/status/2105993709364134272,圖未逐格核；唔入價表
2026-10-02,圖板／無文字價,https://x.com/snkrdunk_akiba/status/2105994972751450524,圖未逐格核；唔入價表
2026-10-02,圖板／無文字價,https://x.com/snkrdunk_akiba/status/2105996227158688030,圖未逐格核；唔入價表
2026-10-02,圖板／無文字價,https://x.com/snkrdunk_akiba/status/2105997483289784584,圖未逐格核；唔入價表
2026-10-02,圖板／無文字價,https://x.com/snkrdunk_akiba/status/2105998747931140187,圖未逐格核；唔入價表
2026-10-02,圖板／無文字價,https://x.com/snkrdunk_akiba/status/2106000132324139224,圖未逐格核；唔入價表
2026-10-02,圖板／無文字價,https://x.com/snkrdunk_akiba/status/2106010067246141740,圖未逐格核；唔入價表
2026-10-02,圖板／無文字價,https://x.com/snkrdunk_akiba/status/2106010070551265649,圖未逐格核；唔入價表
2026-10-02,圖板／無文字價,https://x.com/snkrdunk_akiba/status/2106011322374934698,圖未逐格核；唔入價表
2026-10-03,受付上限公告,https://x.com/snkrdunk_akiba/status/2106016046666895587,唔入價表
2026-10-03,圖板／無文字價,https://x.com/snkrdunk_akiba/status/2106247889467097175,圖未逐格核；唔入價表
2026-10-03,圖板／無文字價,https://x.com/snkrdunk_akiba/status/2106249142502924519,圖未逐格核；唔入價表
2026-10-03,圖板／無文字價,https://x.com/snkrdunk_akiba/status/2106250398482989254,圖未逐格核；唔入價表
2026-10-03,圖板／無文字價,https://x.com/snkrdunk_akiba/status/2106251655838896557,圖未逐格核；唔入價表
2026-10-03,圖板／無文字價,https://x.com/snkrdunk_akiba/status/2106252914478215419,圖未逐格核；唔入價表
2026-10-03,圖板／無文字價,https://x.com/snkrdunk_akiba/status/2106255437779906804,圖未逐格核；唔入價表
2026-10-03,圖板／無文字價,https://x.com/snkrdunk_akiba/status/2106256689653813302,圖未逐格核；唔入價表
2026-10-03,圖板／無文字價,https://x.com/snkrdunk_akiba/status/2106353586745864442,圖未逐格核；唔入價表
2026-10-03,圖板／無文字價,https://x.com/snkrdunk_akiba/status/2106354841304113524,圖未逐格核；唔入價表
2026-10-03,圖板／無文字價,https://x.com/snkrdunk_akiba/status/2106356099243032931,圖未逐格核；唔入價表
2026-10-03,圖板／無文字價,https://x.com/snkrdunk_akiba/status/2106357357676786129,圖未逐格核；唔入價表
2026-10-03,圖板／無文字價,https://x.com/snkrdunk_akiba/status/2106359873151865225,圖未逐格核；唔入價表
2026-10-03,圖板／無文字價,https://x.com/snkrdunk_akiba/status/2106359876385644919,圖未逐格核；唔入價表
2026-10-03,圖板／無文字價,https://x.com/snkrdunk_akiba/status/2106361134643302611,圖未逐格核；唔入價表
2026-10-03,圖板／無文字價,https://x.com/snkrdunk_akiba/status/2106371201061015921,圖未逐格核；唔入價表
2026-10-03,圖板／無文字價,https://x.com/snkrdunk_akiba/status/2106372453765370281,圖未逐格核；唔入價表
2026-10-03,圖板／無文字價,https://x.com/snkrdunk_akiba/status/2106373710064259294,圖未逐格核；唔入價表
2026-10-03,圖板／無文字價,https://x.com/snkrdunk_akiba/status/2106376231159726144,圖未逐格核；唔入價表
2026-10-04,受付上限公告,https://x.com/snkrdunk_akiba/status/2106384147623346486,唔入價表
2026-10-04,圖板／無文字價,https://x.com/snkrdunk_akiba/status/2106534781089648726,圖未逐格核；唔入價表
2026-10-04,圖板／無文字價,https://x.com/snkrdunk_akiba/status/2106536034997817779,圖未逐格核；唔入價表
2026-10-04,圖板／無文字價,https://x.com/snkrdunk_akiba/status/2106537291858796627,圖未逐格核；唔入價表
2026-10-04,圖板／無文字價,https://x.com/snkrdunk_akiba/status/2106538555082440726,圖未逐格核；唔入價表
2026-10-04,圖板／無文字價,https://x.com/snkrdunk_akiba/status/2106541065541181950,圖未逐格核；唔入價表
2026-10-04,圖板／無文字價,https://x.com/snkrdunk_akiba/status/2106541068942782938,圖未逐格核；唔入價表
2026-10-04,圖板／無文字價,https://x.com/snkrdunk_akiba/status/2106542328827781585,圖未逐格核；唔入價表
2026-10-04,圖板／無文字價,https://x.com/snkrdunk_akiba/status/2106552395975315944,圖未逐格核；唔入價表
2026-10-04,圖板／無文字價,https://x.com/snkrdunk_akiba/status/2106553647220080785,圖未逐格核；唔入價表
2026-10-04,圖板／無文字價,https://x.com/snkrdunk_akiba/status/2106554907738456293,圖未逐格核；唔入價表
2026-10-04,圖板／無文字價,https://x.com/snkrdunk_akiba/status/2106557425595900158,圖未逐格核；唔入價表
2026-10-04,圖板／無文字價,https://x.com/snkrdunk_akiba/status/2106715973197947311,圖未逐格核；唔入價表
2026-10-04,圖板／無文字價,https://x.com/snkrdunk_akiba/status/2106717231082361106,圖未逐格核；唔入價表
2026-10-04,圖板／無文字價,https://x.com/snkrdunk_akiba/status/2106718487918043284,圖未逐格核；唔入價表
2026-10-04,圖板／無文字價,https://x.com/snkrdunk_akiba/status/2106721001778360707,圖未逐格核；唔入價表
2026-10-04,圖板／無文字價,https://x.com/snkrdunk_akiba/status/2106722258794508479,圖未逐格核；唔入價表
2026-10-04,圖板／無文字價,https://x.com/snkrdunk_akiba/status/2106722262061817910,圖未逐格核；唔入價表
2026-10-04,圖板／無文字價,https://x.com/snkrdunk_akiba/status/2106732330664738999,圖未逐格核；唔入價表
2026-10-04,圖板／無文字價,https://x.com/snkrdunk_akiba/status/2106734841593266343,圖未逐格核；唔入價表
2026-10-04,圖板／無文字價,https://x.com/snkrdunk_akiba/status/2106736100400369974,圖未逐格核；唔入價表
2026-10-04,圖板／無文字價,https://x.com/snkrdunk_akiba/status/2106738618945729004,圖未逐格核；唔入價表
2026-10-04,圖板／無文字價,https://x.com/snkrdunk_akiba/status/2106739872740581434,圖未逐格核；唔入價表
2026-10-05,受付上限公告,https://x.com/snkrdunk_akiba/status/2106734123083772414,唔入價表
2026-10-06,買取內容,https://x.com/snkrdunk_akiba/status/2107100626069115120,唔入價表
2026-10-07,買取內容,https://x.com/snkrdunk_akiba/status/2107457552271429714,唔入價表
2026-10-08,ワンピPSA10圖板,https://x.com/i/status/2108195718901207530,圖未逐格核；唔入價表
2026-10-08,買取內容,https://x.com/snkrdunk_akiba/status/2107820106101428368,唔入價表
2026-10-08,優先買取POP①,https://x.com/snkrdunk_akiba/status/2107824852421972383,圖未逐格核；唔入價表
2026-10-08,優先買取POP②,https://x.com/snkrdunk_akiba/status/2107825239950569531,圖未逐格核；唔入價表
2026-10-09,圖板／無文字價,https://x.com/i/status/2108346720782635501,圖未逐格核；唔入價表
2026-10-09,圖板／無文字價,https://x.com/i/status/2108347976238465428,圖未逐格核；唔入價表
2026-10-09,圖板／無文字價,https://x.com/i/status/2108349235372630210,圖未逐格核；唔入價表
2026-10-09,圖板／無文字價,https://x.com/i/status/2108350489905795265,圖未逐格核；唔入價表
2026-10-09,圖板／無文字價,https://x.com/i/status/2108353003514437763,圖未逐格核；唔入價表
2026-10-09,圖板／無文字價,https://x.com/i/status/2108353007641677844,圖未逐格核；唔入價表
2026-10-09,圖板／無文字價,https://x.com/i/status/2108354269065912461,圖未逐格核；唔入價表
2026-10-09,買取內容,https://x.com/snkrdunk_akiba/status/2108182478146228267,唔入價表
2026-10-09,圖板／無文字價,https://x.com/snkrdunk_akiba/status/2108364333797535917,圖未逐格核；唔入價表
2026-10-09,圖板／無文字價,https://x.com/snkrdunk_akiba/status/2108365585935696379,圖未逐格核；唔入價表
2026-10-09,圖板／無文字價,https://x.com/snkrdunk_akiba/status/2108366844268773528,圖未逐格核；唔入價表
2026-10-09,圖板／無文字價,https://x.com/snkrdunk_akiba/status/2108369367440490711,圖未逐格核；唔入價表
2026-10-09,ワンピPSA10圖板,https://x.com/snkrdunk_akiba/status/2108374395978932543,圖未逐格核；唔入價表
